Match_id,Team,Opposite_Team,Innings,Bowler,Overs,Maidens,Runs,Wickets,No_Balls,Wides,Economy,Bowler_Type
1,New Zealand,England,1,Trent Boult,10,1,48,1,0,1,4.8,Left-arm Fast
1,New Zealand,England,1,Matt Henry,10,1,48,3,0,0,4.8,Right-arm Fast Medium
1,New Zealand,England,1,Mitchell Santner,10,0,37,2,0,1,3.7,Left-arm Orthodox Spin
1,New Zealand,England,1,Jimmy Neesham,7,0,56,0,0,4,8,Right-arm Medium-fast
1,New Zealand,England,1,Rachin Ravindra,10,0,76,1,0,0,7.6,Left-arm Orthodox Spin
1,New Zealand,England,1,Glenn Phillips,3,0,17,2,0,0,5.7,Leg Spin
2,Netherlands,Pakistan,1,Aryan Dutt,10,0,48,1,0,2,4.8,Right-arm Medium-fast
2,Netherlands,Pakistan,1,Logan van Beek,6,0,30,1,0,1,5,Right-arm Medium-fast
2,Netherlands,Pakistan,1,Colin Ackermann,8,1,39,2,0,0,4.9,Right-arm Off Spin
2,Netherlands,Pakistan,1,Paul van Meekeren,6,0,40,1,0,2,6.7,Right-arm Medium-fast
2,Netherlands,Pakistan,1,Bas de Leede,9,0,62,4,0,3,6.9,Right-arm Medium-fast
2,Netherlands,Pakistan,1,Roelof van der Merwe,6,0,36,0,1,0,6,Left-arm Orthodox Spin
2,Netherlands,Pakistan,1,Vikramjit Singh,2,0,16,0,0,0,8,Right-arm Medium-fast
2,Netherlands,Pakistan,1,Saqib Zulfiqar,2,0,15,0,0,0,7.5,Left-arm Orthodox Spin
3,Bangladesh,Afghanistan,1,Taskin Ahmed,6,0,32,1,0,1,5.3,Right-arm Fast
3,Bangladesh,Afghanistan,1,Shoriful Islam,6.2,1,34,2,0,2,5.4,Left-arm Fast
3,Bangladesh,Afghanistan,1,Mustafizur Rahman,7,1,28,1,0,0,4,Left-arm Fast
3,Bangladesh,Afghanistan,1,Shakib Al Hasan,8,0,30,3,0,0,3.8,Left-arm Orthodox Spin
3,Bangladesh,Afghanistan,1,Mehidy Hasan Miraz,9,3,25,3,0,5,2.8,Right-arm Off Spin
3,Bangladesh,Afghanistan,1,Mahmudullah,1,0,7,0,0,0,7,Right-arm Off Spin
4,Sri Lanka,South Africa,1,Lahiru Kumara,10,1,90,1,0,2,9,Right-arm Fast
4,Sri Lanka,South Africa,1,Dilshan Madushanka,10,0,86,2,1,3,8.6,Right-arm Fast
4,Sri Lanka,South Africa,1,Dasun Shanaka,6,0,36,0,0,0,6,Right-arm Leg Spin
4,Sri Lanka,South Africa,1,Dhananjaya de Silva,4,0,39,0,0,1,9.8,Right-arm Off Spin
4,Sri Lanka,South Africa,1,Matheesha Pathirana,10,0,95,1,0,13,9.5,Right-arm Fast
4,Sri Lanka,South Africa,1,Dunith Wellalage,10,0,81,1,0,2,8.1,Right-arm Leg Spin
5,India,Australia,1,Jasprit Bumrah,10,0,35,2,0,4,3.5,Right-arm Fast
5,India,Australia,1,Mohammed Siraj,6.3,1,26,1,0,2,4,Right-arm Fast
5,India,Australia,1,Hardik Pandya,3,0,28,1,0,0,9.3,Right-arm Medium-fast
5,India,Australia,1,Ravichandran Ashwin,10,1,34,1,0,0,3.4,Right-arm Off Spin
5,India,Australia,1,Kuldeep Yadav,10,0,42,2,0,0,4.2,Left-arm Chinaman
5,India,Australia,1,Ravindra Jadeja,10,2,28,3,0,0,2.8,Left-arm Orthodox Spin
6,Netherlands,New Zealand,1,Aryan Dutt,10,2,62,2,0,5,6.2,Right-arm Medium-fast
6,Netherlands,New Zealand,1,Ryan Klein,7,1,41,0,0,3,5.9,Right-arm Medium-fast
6,Netherlands,New Zealand,1,Paul van Meekeren,9,0,59,2,1,0,6.6,Right-arm Medium-fast
6,Netherlands,New Zealand,1,Roelof van der Merwe,9,0,56,2,0,0,6.2,Left-arm Orthodox Spin
6,Netherlands,New Zealand,1,Colin Ackermann,4,0,28,0,0,0,7,Right-arm Off Spin
6,Netherlands,New Zealand,1,Bas de Leede,10,0,64,1,1,0,6.4,Right-arm Medium-fast
6,Netherlands,New Zealand,1,Vikramjit Singh,1,0,9,0,0,0,9,Right-arm Medium-fast
7,Bangladesh,England,1,Mustafizur Rahman,10,0,70,0,0,0,7,Left-arm Fast
7,Bangladesh,England,1,Taskin Ahmed,6,0,38,1,0,2,6.3,Right-arm Fast
7,Bangladesh,England,1,Shoriful Islam,10,0,75,3,0,1,7.5,Left-arm Fast
7,Bangladesh,England,1,Mahedi Hasan,8,0,71,4,0,0,8.9,Right-arm Leg Spin
7,Bangladesh,England,1,Shakib Al Hasan,10,0,52,1,0,1,5.2,Left-arm Orthodox Spin
7,Bangladesh,England,1,Mehidy Hasan Miraz,6,0,55,0,0,0,9.2,Right-arm Off Spin
8,Pakistan,Sri Lanka,1,Shaheen Afridi,9,0,66,1,0,4,7.3,Left-arm Fast
8,Pakistan,Sri Lanka,1,Hasan Ali,10,0,71,4,1,3,7.1,Right-arm Fast
8,Pakistan,Sri Lanka,1,Mohammad Nawaz,9,0,62,1,0,0,6.9,Left-arm Orthodox Spin
8,Pakistan,Sri Lanka,1,Haris Rauf,10,0,64,2,0,1,6.4,Right-arm Fast
8,Pakistan,Sri Lanka,1,Shadab Khan,8,0,55,1,0,0,6.9,Right-arm Leg Spin
8,Pakistan,Sri Lanka,1,Iftikhar Ahmed,4,0,22,0,0,1,5.5,Right-arm Off Spin
9,India,Afghanistan,1,Jasprit Bumrah,10,0,39,4,0,3,3.9,Right-arm Fast
9,India,Afghanistan,1,Mohammed Siraj,9,0,76,0,0,1,8.4,Right-arm Fast
9,India,Afghanistan,1,Hardik Pandya,7,0,43,2,0,3,6.1,Right-arm Medium-fast
9,India,Afghanistan,1,Shardul Thakur,6,0,31,1,1,1,5.2,Right-arm Medium-fast
9,India,Afghanistan,1,Kuldeep Yadav,10,0,40,1,0,0,4,Left-arm Chinaman
9,India,Afghanistan,1,Ravindra Jadeja,8,0,38,0,1,0,4.8,Left-arm Orthodox Spin
10,Australia,South Africa,1,Mitchell Starc,9,1,53,2,0,1,5.9,Left-arm Fast
10,Australia,South Africa,1,Josh Hazlewood,9,0,60,1,0,3,6.7,Right-arm Fast Medium
10,Australia,South Africa,1,Glenn Maxwell,10,1,34,2,0,2,3.4,Right-arm Off Spin
10,Australia,South Africa,1,Pat Cummins,9,0,71,1,0,0,7.9,Right-arm Fast
10,Australia,South Africa,1,Adam Zampa,10,0,70,1,0,1,7,Right-arm Leg Spin
10,Australia,South Africa,1,Mitchell Marsh,1,0,6,0,0,0,6,Right-arm Medium-fast
10,Australia,South Africa,1,Marcus Stoinis,2,0,11,0,0,0,5.5,Right-arm Medium-fast
11,New Zealand,Bangladesh,1,Trent Boult,10,0,45,2,0,2,4.5,Left-arm Seamer
11,New Zealand,Bangladesh,1,Matt Henry,10,0,58,2,1,0,5.8,Right-arm Fast Medium
11,New Zealand,Bangladesh,1,Lockie Ferguson,10,0,49,3,2,2,4.9,Right-arm Fast
11,New Zealand,Bangladesh,1,Mitchell Santner,10,1,31,1,0,0,3.1,Left-arm Orthodox Spin
11,New Zealand,Bangladesh,1,Glenn Phillips,2,0,13,1,1,0,6.5,Leg Spin
11,New Zealand,Bangladesh,1,Rachin Ravindra,7,0,37,0,0,0,5.3,Left-arm Orthodox Spin
11,New Zealand,Bangladesh,1,Daryl Mitchell,1,0,11,0,0,0,11,Right-arm Medium-fast
12,India,Pakistan,1,Jasprit Bumrah,7,1,19,2,0,1,2.7,Right-arm Fast
12,India,Pakistan,1,Mohammed Siraj,8,0,50,2,0,0,6.2,Right-arm Fast
12,India,Pakistan,1,Hardik Pandya,6,0,34,2,0,0,5.7,Right-arm Medium-fast
12,India,Pakistan,1,Kuldeep Yadav,10,0,35,2,0,0,3.5,Left-arm Chinaman
12,India,Pakistan,1,Ravindra Jadeja,9.5,0,38,2,0,0,3.9,Left-arm Orthodox Spin
12,India,Pakistan,1,Shardul Thakur,2,0,12,0,0,0,6,Right-arm Medium-fast
13,England,Afghanistan,1,Chris Woakes,4,0,41,0,0,7,10.2,Right-arm Fast Medium
13,England,Afghanistan,1,Reece Topley,8.5,1,52,1,1,3,5.9,Left-arm Medium-fast
13,England,Afghanistan,1,Sam Curran,4,0,46,0,2,0,11.5,Left-arm Medium-fast
13,England,Afghanistan,1,Adil Rashid,10,1,42,3,0,1,4.2,Leg Break
13,England,Afghanistan,1,Mark Wood,9,0,50,2,0,0,5.6,Right-arm Fast
13,England,Afghanistan,1,Liam Livingstone,10,0,33,1,0,0,3.3,Right-arm Leg Spin
13,England,Afghanistan,1,Joe Root,4,0,19,1,0,0,4.8,Right-arm Leg Spin
14,Australia,Sri Lanka,1,Mitchell Starc,10,0,43,2,0,4,4.3,Left-arm Fast
14,Australia,Sri Lanka,1,Josh Hazlewood,7,1,36,0,0,1,5.1,Right-arm Fast Medium
14,Australia,Sri Lanka,1,Pat Cummins,7,0,32,2,0,1,4.6,Right-arm Fast
14,Australia,Sri Lanka,1,Glenn Maxwell,9.3,0,36,1,0,1,3.8,Right-arm Off Spin
14,Australia,Sri Lanka,1,Adam Zampa,8,1,47,4,0,2,5.9,Right-arm Leg Spin
14,Australia,Sri Lanka,1,Marcus Stoinis,2,0,11,0,0,0,5.5,Right-arm Medium-fast
15,South Africa,Netherlands,1,Lungi Ngidi,9,1,57,2,1,10,6.3,Right-arm Fast
15,South Africa,Netherlands,1,Marco Jansen,8,1,27,2,0,6,3.4,Left-arm Fast
15,South Africa,Netherlands,1,Kagiso Rabada,9,1,56,2,0,3,6.2,Right-arm Fast
15,South Africa,Netherlands,1,Gerald Coetzee,8,0,57,1,0,2,7.1,Right-arm Fast
15,South Africa,Netherlands,1,Keshav Maharaj,9,0,38,1,0,0,4.2,Left-arm Orthodox Spin
16,Afghanistan,New Zealand,1,Mujeeb Ur Rahman,10,0,57,1,0,1,5.7,Off Spin
16,Afghanistan,New Zealand,1,Fazalhaq Farooqi,7,1,39,0,0,2,5.6,Right-arm Fast
16,Afghanistan,New Zealand,1,Naveen-ul-Haq,8,0,48,2,0,0,6,Right-arm Fast
16,Afghanistan,New Zealand,1,Mohammad Nabi,8,1,41,0,0,0,5.1,Off Spin
16,Afghanistan,New Zealand,1,Rashid Khan,10,0,43,1,0,2,4.3,Leg Spin
16,Afghanistan,New Zealand,1,Azmatullah Omarzai,7,0,56,2,1,0,8,Right-arm Fast
17,India,Bangladesh,1,Jasprit Bumrah,10,1,41,2,0,1,4.1,Right-arm Fast
17,India,Bangladesh,1,Mohammed Siraj,10,0,60,2,0,3,6,Right-arm Fast
17,India,Bangladesh,1,Hardik Pandya,0.3,0,8,0,0,0,16,Right-arm Medium-fast
17,India,Bangladesh,1,Virat Kohli,0.3,0,2,0,0,0,4,Right-arm Medium
17,India,Bangladesh,1,Shardul Thakur,9,0,59,1,0,0,6.6,Right-arm Medium-fast
17,India,Bangladesh,1,Kuldeep Yadav,10,0,47,1,0,1,4.7,Left-arm Chinaman
17,India,Bangladesh,1,Ravindra Jadeja,10,0,38,2,0,0,3.8,Left-arm Orthodox Spin
18,Pakistan,Australia,1,Shaheen Afridi,10,1,54,5,0,3,5.4,Left-arm Fast
18,Pakistan,Australia,1,Hasan Ali,8,0,57,0,0,4,7.1,Right-arm Fast
18,Pakistan,Australia,1,Iftikhar Ahmed,8,0,37,0,0,2,4.6,Right-arm Off Spin
18,Pakistan,Australia,1,Haris Rauf,8,0,83,3,0,3,10.4,Right-arm Fast
18,Pakistan,Australia,1,Usama Mir,9,0,82,1,0,2,9.1,Right-arm Leg Spin
18,Pakistan,Australia,1,Mohammad Nawaz,7,0,43,0,0,0,6.1,Left-arm Orthodox Spin
19,Sri Lanka,Netherlands,1,Dilshan Madushanka,9.4,1,49,4,1,3,5.1,Right-arm Fast
19,Sri Lanka,Netherlands,1,Lahiru Kumara,9,0,50,4,0,7,5.6,Right-arm Fast
19,Sri Lanka,Netherlands,1,Dimuth Karunaratne,9,1,58,0,0,10,6.4,Right-arm Medium
19,Sri Lanka,Netherlands,1,Maheesh Theekshana,10,0,44,1,0,3,4.4,Right-arm Leg Spin
19,Sri Lanka,Netherlands,1,Dushan Hemantha,8,0,42,0,0,0,5.2,Right-arm Leg Spin
19,Sri Lanka,Netherlands,1,Dhananjaya de Silva,4,0,13,0,0,3,3.2,Right-arm Off Spin
20,England,South Africa,1,Reece Topley,8.5,0,88,3,0,4,10,Left-arm Medium-fast
20,England,South Africa,1,David Willey,9,1,61,0,1,3,6.8,Left-arm Medium-fast
20,England,South Africa,1,Joe Root,6.1,0,48,0,0,0,7.8,Right-arm Leg Spin
20,England,South Africa,1,Gus Atkinson,9,0,60,2,0,1,6.7,Right-arm Fast
20,England,South Africa,1,Mark Wood,7,0,76,0,0,1,10.9,Right-arm Fast
20,England,South Africa,1,Adil Rashid,10,0,61,2,0,0,6.1,Leg Break
21,India,New Zealand,1,Jasprit Bumrah,10,1,45,1,0,0,4.5,Right-arm Fast
21,India,New Zealand,1,Mohammed Siraj,10,1,45,1,0,4,4.5,Right-arm Fast
21,India,New Zealand,1,Mohammed Shami,10,0,54,5,0,0,5.4,Right-arm Fast
21,India,New Zealand,1,Ravindra Jadeja,10,0,48,0,0,0,4.8,Left-arm Orthodox Spin
21,India,New Zealand,1,Kuldeep Yadav,10,0,73,2,0,3,7.3,Left-arm Chinaman
22,Afghanistan,Pakistan,1,Naveen-ul-Haq,7,0,52,2,0,3,7.4,Right-arm Fast
22,Afghanistan,Pakistan,1,Mujeeb Ur Rahman,8,0,55,0,0,0,6.9,Off Spin
22,Afghanistan,Pakistan,1,Mohammad Nabi,10,0,31,1,0,0,3.1,Off Spin
22,Afghanistan,Pakistan,1,Azmatullah Omarzai,5,0,50,1,0,3,10,Right-arm Fast
22,Afghanistan,Pakistan,1,Rashid Khan,10,0,41,0,0,0,4.1,Leg Spin
22,Afghanistan,Pakistan,1,Noor Ahmad,10,0,49,3,1,6,4.9,Leg Spin
23,Bangladesh,South Africa,1,Mustafizur Rahman,9,0,76,0,0,2,8.4,Left-arm Fast
23,Bangladesh,South Africa,1,Mehidy Hasan Miraz,9,0,44,1,0,2,4.9,Right-arm Off Spin
23,Bangladesh,South Africa,1,Shoriful Islam,9,0,76,1,0,0,8.4,Left-arm Fast
23,Bangladesh,South Africa,1,Shakib Al Hasan,9,0,69,1,0,1,7.7,Left-arm Orthodox Spin
23,Bangladesh,South Africa,1,Hasan Mahmud,6,0,67,2,0,1,11.2,Right-arm Fast
23,Bangladesh,South Africa,1,Nasum Ahmed,5,0,27,0,0,0,5.4,Left-arm Orthodox Spin
23,Bangladesh,South Africa,1,Mahmudullah,3,0,20,0,0,1,6.7,Right-arm Off Spin
24,Netherlands,Australia,1,Aryan Dutt,7,0,59,1,0,0,8.4,Right-arm Medium-fast
24,Netherlands,Australia,1,Colin Ackermann,4,0,19,0,0,0,4.8,Right-arm Off Spin
24,Netherlands,Australia,1,Logan van Beek,10,0,74,4,0,5,7.4,Right-arm Medium-fast
24,Netherlands,Australia,1,Paul van Meekeren,10,0,64,0,0,3,6.4,Right-arm Medium-fast
24,Netherlands,Australia,1,Vikramjit Singh,4,0,27,0,0,1,6.8,Right-arm Medium-fast
24,Netherlands,Australia,1,Roelof van der Merwe,5,0,41,0,0,1,8.2,Left-arm Orthodox Spin
24,Netherlands,Australia,1,Bas de Leede,10,0,115,2,1,1,11.5,Right-arm Medium-fast
25,Sri Lanka,England,1,Dilshan Madushanka,5,0,37,0,0,0,7.4,Right-arm Fast
25,Sri Lanka,England,1,Lahiru Kumara,7,0,36,2,0,1,5.1,Right-arm Fast
25,Sri Lanka,England,1,Maheesh Theekshana,8.2,1,21,1,0,3,2.5,Right-arm Leg Spin
25,Sri Lanka,England,1,Angelo Mathews,5,1,14,2,0,0,2.8,Right-arm Fast Medium
25,Sri Lanka,England,1,Lahiru Kumara,7,0,35,3,0,0,5,Right-arm Fast
25,Sri Lanka,England,1,Dhananjaya de Silva,1,0,10,0,0,0,10,Right-arm Off Spin
26,South Africa,Pakistan,1,Marco Jansen,9,1,43,3,2,6,4.8,Left-arm Fast
26,South Africa,Pakistan,1,Lungi Ngidi,7.4,0,45,1,0,3,5.9,Right-arm Fast
26,South Africa,Pakistan,1,Aiden Markram,4,0,20,0,0,0,5,Right-arm Leg Spin
26,South Africa,Pakistan,1,Keshav Maharaj,9,0,56,0,0,0,6.2,Left-arm Orthodox Spin
26,South Africa,Pakistan,1,Gerald Coetzee,7,0,42,2,0,1,6,Right-arm Fast
26,South Africa,Pakistan,1,Tabraiz Shamsi,10,0,60,4,2,1,6,Leg Break
27,New Zealand,Australia,1,Matt Henry,6.2,0,67,1,2,2,10.6,Right-arm Fast Medium
27,New Zealand,Australia,1,Trent Boult,10,0,77,3,0,3,7.7,Left-arm Seamer
27,New Zealand,Australia,1,Lockie Ferguson,3,0,38,0,0,0,12.7,Right-arm Fast
27,New Zealand,Australia,1,Mitchell Santner,10,0,80,2,0,1,8,Left-arm Orthodox Spin
27,New Zealand,Australia,1,Glenn Phillips,10,0,37,3,0,0,3.7,Leg Spin
27,New Zealand,Australia,1,Rachin Ravindra,8,0,56,0,0,0,7,Left-arm Orthodox Spin
27,New Zealand,Australia,1,Jimmy Neesham,2,0,32,1,0,0,16,Right-arm Medium-fast
28,Bangladesh,Netherlands,1,Shoriful Islam,10,0,51,2,0,3,5.1,Left-arm Fast
28,Bangladesh,Netherlands,1,Taskin Ahmed,9,1,43,2,0,1,4.8,Right-arm Fast
28,Bangladesh,Netherlands,1,Shakib Al Hasan,10,1,37,1,0,0,3.7,Left-arm Orthodox Spin
28,Bangladesh,Netherlands,1,Mehidy Hasan Miraz,4,0,17,0,0,0,4.2,Right-arm Off Spin
28,Bangladesh,Netherlands,1,Mustafizur Rahman,10,1,36,2,0,1,3.6,Left-arm Fast
28,Bangladesh,Netherlands,1,Mahedi Hasan,7,0,40,2,0,2,5.7,Right-arm Leg Spin
29,England,India,1,David Willey,10,2,45,3,0,0,4.5,Left-arm Medium-fast
29,England,India,1,Chris Woakes,9,1,33,2,0,1,3.7,Right-arm Fast Medium
29,England,India,1,Adil Rashid,10,0,35,2,0,0,3.5,Leg Break
29,England,India,1,Mark Wood,9,1,46,1,0,2,5.1,Right-arm Fast
29,England,India,1,Liam Livingstone,4,1,29,0,0,0,7.2,Right-arm Leg Spin
29,England,India,1,Moeen Ali,8,0,37,0,0,0,4.6,Right-arm Off Spin
30,Afghanistan,Sri Lanka,1,Mujeeb Ur Rahman,10,0,38,2,0,0,3.8,Off Spin
30,Afghanistan,Sri Lanka,1,Fazalhaq Farooqi,10,1,34,4,0,0,3.4,Right-arm Fast
30,Afghanistan,Sri Lanka,1,Naveen-ul-Haq,6.3,0,47,0,0,2,7.2,Right-arm Fast
30,Afghanistan,Sri Lanka,1,Azmatullah Omarzai,7,0,37,1,0,1,5.3,Right-arm Fast
30,Afghanistan,Sri Lanka,1,Rashid Khan,10,0,50,1,0,6,5,Leg Spin
30,Afghanistan,Sri Lanka,1,Mohammad Nabi,6,0,33,0,0,0,5.5,Off Spin
31,Pakistan,Bangladesh,1,Shaheen Afridi,9,1,23,3,0,2,2.6,Left-arm Fast
31,Pakistan,Bangladesh,1,Iftikhar Ahmed,10,0,44,1,0,0,4.4,Right-arm Off Spin
31,Pakistan,Bangladesh,1,Haris Rauf,8,0,36,2,0,2,4.5,Right-arm Fast
31,Pakistan,Bangladesh,1,Mohammad Wasim Jr,8.1,1,31,3,0,0,3.8,Right-arm Fast
31,Pakistan,Bangladesh,1,Usama Mir,10,0,66,1,0,1,6.6,Right-arm Leg Spin
32,New Zealand,South Africa,1,Trent Boult,10,1,49,1,0,2,4.9,Left-arm Seamer
32,New Zealand,South Africa,1,Matt Henry,5.3,0,31,0,0,1,5.6,Right-arm Fast Medium
32,New Zealand,South Africa,1,Tim Southee,10,0,77,2,0,1,7.7,Right-arm Fast Medium
32,New Zealand,South Africa,1,Mitchell Santner,10,0,58,0,0,2,5.8,Left-arm Orthodox Spin
32,New Zealand,South Africa,1,Glenn Phillips,7,0,52,0,0,2,7.4,Leg Spin
32,New Zealand,South Africa,1,Rachin Ravindra,2,0,17,0,0,0,8.5,Left-arm Orthodox Spin
32,New Zealand,South Africa,1,Jimmy Neesham,5.3,0,69,1,0,0,12.5,Right-arm Medium-fast
33,Sri Lanka,India,1,Dilshan Madushanka,10,0,80,5,0,6,8,Right-arm Fast
33,Sri Lanka,India,1,Dushmantha Chameera,10,2,71,1,0,0,7.1,Right-arm Fast
33,Sri Lanka,India,1,Lahiru Kumara,9,0,66,0,0,1,7.3,Right-arm Fast
33,Sri Lanka,India,1,Angelo Mathews,3,0,11,0,0,0,3.7,Right-arm Fast Medium
33,Sri Lanka,India,1,Maheesh Theekshana,10,0,67,0,0,1,6.7,Right-arm Leg Spin
33,Sri Lanka,India,1,Dushan Hemantha,8,0,52,0,1,0,6.5,Right-arm Leg Spin
34,Afghanistan,Netherlands,1,Mujeeb Ur Rahman,10,0,40,1,0,5,4,Off Spin
34,Afghanistan,Netherlands,1,Fazalhaq Farooqi,5,0,36,0,0,2,7.2,Right-arm Fast
34,Afghanistan,Netherlands,1,Azmatullah Omarzai,3,0,11,0,0,0,3.7,Right-arm Fast
34,Afghanistan,Netherlands,1,Mohammad Nabi,9.3,1,28,3,0,1,2.9,Off Spin
34,Afghanistan,Netherlands,1,Rashid Khan,10,0,31,0,0,3,3.1,Leg Spin
34,Afghanistan,Netherlands,1,Noor Ahmad,9,0,31,2,0,3,3.4,Leg Spin
35,Pakistan,New Zealand,1,Shaheen Afridi,10,0,90,0,0,5,9,Left-arm Fast
35,Pakistan,New Zealand,1,Hasan Ali,10,0,82,1,1,2,8.2,Right-arm Fast
35,Pakistan,New Zealand,1,Iftikhar Ahmed,8,0,55,1,0,0,6.9,Right-arm Off Spin
35,Pakistan,New Zealand,1,Haris Rauf,10,0,85,1,0,2,8.5,Right-arm Fast
35,Pakistan,New Zealand,1,Mohammad Wasim Jr,10,0,60,3,0,7,6,Right-arm Fast
35,Pakistan,New Zealand,1,Agha Salman,2,0,21,0,0,1,10.5,Right-arm Leg Spin
36,England,Australia,1,David Willey,10,1,48,1,0,1,4.8,Left-arm Medium-fast
36,England,Australia,1,Chris Woakes,9.3,0,54,4,0,0,5.7,Right-arm Fast Medium
36,England,Australia,1,Mark Wood,10,0,70,2,0,3,7,Right-arm Fast
36,England,Australia,1,Liam Livingstone,6,0,42,1,0,0,7,Right-arm Leg Spin
36,England,Australia,1,Moeen Ali,4,0,28,0,0,0,7,Right-arm Off Spin
36,England,Australia,1,Adil Rashid,10,0,38,2,0,0,3.8,Leg Break
37,South Africa,India,1,Lungi Ngidi,8.2,0,63,1,0,2,7.6,Right-arm Fast
37,South Africa,India,1,Marco Jansen,9.4,0,94,1,1,11,9.7,Left-arm Fast
37,South Africa,India,1,Kagiso Rabada,10,1,48,1,0,0,4.8,Right-arm Fast
37,South Africa,India,1,Keshav Maharaj,10,0,30,1,0,1,3,Left-arm Orthodox Spin
37,South Africa,India,1,Tabraiz Shamsi,10,0,72,1,1,7,7.2,Leg Break
37,South Africa,India,1,Aiden Markram,2,0,17,0,0,1,8.5,Right-arm Leg Spin
38,Bangladesh,Sri Lanka,1,Shoriful Islam,9.3,0,52,2,0,1,5.5,Left-arm Fast
38,Bangladesh,Sri Lanka,1,Taskin Ahmed,10,1,39,0,0,1,3.9,Right-arm Fast
38,Bangladesh,Sri Lanka,1,Tanzim Hasan Sakib,10,0,80,3,0,2,8,Right-arm Medium-fast
38,Bangladesh,Sri Lanka,1,Shakib Al Hasan,10,0,57,2,0,0,5.7,Left-arm Orthodox Spin
38,Bangladesh,Sri Lanka,1,Mehidy Hasan Miraz,10,0,49,1,0,0,4.9,Right-arm Off Spin
39,Australia,Afghanistan,1,Mitchell Starc,9,0,70,1,0,5,7.8,Left-arm Fast
39,Australia,Afghanistan,1,Josh Hazlewood,9,0,39,2,0,1,4.3,Right-arm Fast Medium
39,Australia,Afghanistan,1,Glenn Maxwell,10,0,55,1,1,0,5.5,Right-arm Off Spin
39,Australia,Afghanistan,1,Pat Cummins,8,0,47,0,0,1,5.9,Right-arm Fast
39,Australia,Afghanistan,1,Adam Zampa,10,0,58,1,0,3,5.8,Right-arm Leg Spin
39,Australia,Afghanistan,1,Travis Head,3,0,15,0,0,0,5,Right-arm Leg Spin
39,Australia,Afghanistan,1,Marcus Stoinis,1,0,2,0,0,0,2,Right-arm Medium-fast
40,Netherlands,England,1,Aryan Dutt,10,0,67,2,1,1,6.7,Right-arm Medium-fast
40,Netherlands,England,1,Logan van Beek,10,0,88,2,0,14,8.8,Right-arm Medium-fast
40,Netherlands,England,1,Paul van Meekeren,10,0,57,1,0,5,5.7,Right-arm Medium-fast
40,Netherlands,England,1,Bas de Leede,10,0,74,3,0,0,7.4,Right-arm Medium-fast
40,Netherlands,England,1,Roelof van der Merwe,3,0,22,0,0,0,7.3,Left-arm Orthodox Spin
40,Netherlands,England,1,Colin Ackermann,7,0,31,0,0,0,4.4,Right-arm Off Spin
41,New Zealand,Sri Lanka,1,Trent Boult,10,3,37,3,0,3,3.7,Left-arm Seamer
41,New Zealand,Sri Lanka,1,Tim Southee,8,0,52,1,0,0,6.5,Right-arm Fast Medium
41,New Zealand,Sri Lanka,1,Lockie Ferguson,10,2,35,2,0,0,3.5,Right-arm Fast
41,New Zealand,Sri Lanka,1,Mitchell Santner,10,2,22,2,0,0,2.2,Left-arm Orthodox Spin
41,New Zealand,Sri Lanka,1,Rachin Ravindra,7.4,0,21,2,0,0,2.7,Left-arm Orthodox Spin
41,New Zealand,Sri Lanka,1,Glenn Phillips,1,0,3,0,0,0,3,Leg Spin
42,South Africa,Afghanistan,1,Kagiso Rabada,10,0,40,0,0,0,4,Right-arm Fast
42,South Africa,Afghanistan,1,Lungi Ngidi,8.3,0,69,2,0,6,8.1,Right-arm Fast
42,South Africa,Afghanistan,1,Aiden Markram,4.3,0,25,0,0,0,5.6,Right-arm Leg Spin
42,South Africa,Afghanistan,1,Gerald Coetzee,10,1,44,4,0,2,4.4,Right-arm Fast
42,South Africa,Afghanistan,1,Keshav Maharaj,10,1,25,2,0,2,2.5,Left-arm Orthodox Spin
42,South Africa,Afghanistan,1,Phehlukwayo,7,0,36,1,0,0,5.1,Right-arm Medium-fast
43,Australia,Bangladesh,1,Josh Hazlewood,7,1,21,0,0,0,3,Right-arm Fast Medium
43,Australia,Bangladesh,1,Pat Cummins,8,0,56,0,0,8,7,Right-arm Fast
43,Australia,Bangladesh,1,Sean Abbott,10,0,61,2,1,0,6.1,Right-arm Medium-fast
43,Australia,Bangladesh,1,Mitchell Marsh,4,0,48,0,1,2,12,Right-arm Medium-fast
43,Australia,Bangladesh,1,Adam Zampa,10,0,32,2,0,0,3.2,Right-arm Leg Spin
43,Australia,Bangladesh,1,Travis Head,6,0,33,0,0,0,5.5,Right-arm Leg Spin
43,Australia,Bangladesh,1,Marcus Stoinis,5,0,45,1,0,2,9,Right-arm Medium-fast
44,Pakistan,England,1,Shaheen Afridi,10,1,72,2,0,0,7.2,Left-arm Fast
44,Pakistan,England,1,Haris Rauf,10,0,64,3,0,11,6.4,Right-arm Fast
44,Pakistan,England,1,Iftikhar Ahmed,7,0,38,1,0,0,5.4,Right-arm Off Spin
44,Pakistan,England,1,Mohammad Wasim Jr,10,0,74,2,0,1,7.4,Right-arm Fast
44,Pakistan,England,1,Shadab Khan,10,0,57,0,0,0,5.7,Right-arm Leg Spin
44,Pakistan,England,1,Agha Salman,3,0,25,0,0,0,8.3,Right-arm Leg Spin
45,Netherlands,India,1,Aryan Dutt,7,0,52,0,0,1,7.4,Right-arm Medium-fast
45,Netherlands,India,1,Logan van Beek,10,0,107,0,0,1,10.7,Right-arm Medium-fast
45,Netherlands,India,1,Colin Ackermann,3,0,25,0,0,1,8.3,Right-arm Off Spin
45,Netherlands,India,1,Paul van Meekeren,10,0,90,1,1,2,9,Right-arm Medium-fast
45,Netherlands,India,1,Roelof van der Merwe,10,0,53,1,0,0,5.3,Left-arm Orthodox Spin
45,Netherlands,India,1,Bas de Leede,10,0,82,2,0,8,8.2,Right-arm Medium-fast
46,New Zealand,India,1,Trent Boult,10,0,86,1,0,2,8.6,Left-arm Seamer
46,New Zealand,India,1,Tim Southee,10,0,100,3,0,1,10,Right-arm Fast Medium
46,New Zealand,India,1,Mitchell Santner,10,1,51,0,0,0,5.1,Left-arm Orthodox Spin
46,New Zealand,India,1,Lockie Ferguson,8,0,65,0,0,1,8.1,Right-arm Fast
46,New Zealand,India,1,Rachin Ravindra,7,0,60,0,0,2,8.6,Left-arm Orthodox Spin
46,New Zealand,India,1,Glenn Phillips,5,0,33,0,0,0,6.6,Leg Spin
47,Australia,South Africa,1,Mitchell Starc,10,1,34,3,0,4,3.4,Left-arm Fast
47,Australia,South Africa,1,Josh Hazlewood,8,3,12,2,0,0,1.5,Right-arm Fast Medium
47,Australia,South Africa,1,Pat Cummins,9.4,0,51,3,0,2,5.3,Right-arm Fast
47,Australia,South Africa,1,Adam Zampa,7,0,55,0,0,0,7.9,Right-arm Leg Spin
47,Australia,South Africa,1,Glenn Maxwell,10,0,35,0,0,0,3.5,Right-arm Off Spin
47,Australia,South Africa,1,Travis Head,5,0,21,2,0,1,4.2,Right-arm Leg Spin
48,Australia,India,1,Mitchell Starc,10,0,55,3,0,4,5.5,Left-arm Fast
48,Australia,India,1,Josh Hazlewood,10,0,60,2,0,1,6,Right-arm Fast Medium
48,Australia,India,1,Glenn Maxwell,6,0,35,1,0,0,5.8,Right-arm Off Spin
48,Australia,India,1,Pat Cummins,10,0,34,2,0,2,3.4,Right-arm Fast
48,Australia,India,1,Adam Zampa,10,0,44,1,0,2,4.4,Right-arm Leg Spin
48,Australia,India,1,Mitchell Marsh,2,0,5,0,0,0,2.5,Right-arm Medium-fast
48,Australia,India,1,Travis Head,2,0,4,0,0,0,2,Right-arm Leg Spin
1,England,New Zealand,2,Chris Woakes,6,0,45,0,0,0,7.5,Right-arm Fast Medium
1,England,New Zealand,2,Sam Curran,6,2,47,1,0,2,7.8,Left-arm Medium-fast
1,England,New Zealand,2,Mark Wood,5,0,55,0,0,1,11,Right-arm Fast
1,England,New Zealand,2,Moeen Ali,9.2,0,60,0,0,0,6.4,Right-arm Off Spin
1,England,New Zealand,2,Adil Rashid,7,0,47,0,0,0,6.7,Leg Break
1,England,New Zealand,2,Liam Livingstone,3,0,24,0,0,0,8,Right-arm Leg Spin
2,Pakistan,Netherlands,2,Shaheen Afridi,7,0,37,1,0,2,5.3,Left-arm Fast
2,Pakistan,Netherlands,2,Hasan Ali,7,1,33,2,0,4,4.7,Right-arm Fast
2,Pakistan,Netherlands,2,Haris Rauf,9,0,43,3,0,2,4.8,Right-arm Fast
2,Pakistan,Netherlands,2,Iftikhar Ahmed,3,0,16,1,0,0,5.3,Right-arm Off Spin
2,Pakistan,Netherlands,2,Mohammad Nawaz,7,0,31,1,0,0,4.4,Left-arm Orthodox Spin
2,Pakistan,Netherlands,2,Shadab Khan,8,0,45,1,0,1,5.6,Right-arm Leg Spin
3,Afghanistan,Bangladesh,2,Fazalhaq Farooqi,5,0,19,1,0,2,3.8,Right-arm Fast
3,Afghanistan,Bangladesh,2,Mujeeb Ur Rahman,7,0,30,0,0,0,4.3,Off Spin
3,Afghanistan,Bangladesh,2,Naveen-ul-Haq,5.4,0,31,1,1,1,5.5,Right-arm Fast
3,Afghanistan,Bangladesh,2,Rashid Khan,9,0,48,0,0,0,5.3,Leg Spin
3,Afghanistan,Bangladesh,2,Mohammad Nabi,6,1,18,0,0,1,3,Off Spin
3,Afghanistan,Bangladesh,2,Azmatullah Omarzai,2,0,9,1,0,0,4.5,Right-arm Fast
4,South Africa,Sri Lanka,2,Lungi Ngidi,8,1,49,1,0,2,6.1,Right-arm Fast
4,South Africa,Sri Lanka,2,Marco Jansen,10,0,92,2,0,3,9.2,Left-arm Fast
4,South Africa,Sri Lanka,2,Kagiso Rabada,7.5,0,50,2,1,2,6.4,Right-arm Fast
4,South Africa,Sri Lanka,2,Keshav Maharaj,10,0,62,2,0,6,6.2,Left-arm Orthodox Spin
4,South Africa,Sri Lanka,2,Gerald Coetzee,9,0,68,3,0,1,7.6,Right-arm Fast
5,Australia,India,2,Mitchell Starc,8,0,31,1,0,3,3.9,Left-arm Fast
5,Australia,India,2,Josh Hazlewood,9,1,38,3,0,1,4.2,Right-arm Fast Medium
5,Australia,India,2,Pat Cummins,6.2,0,33,0,1,1,5.2,Right-arm Fast
5,Australia,India,2,Glenn Maxwell,8,0,33,0,0,0,4.1,Right-arm Off Spin
5,Australia,India,2,Cameron Green,2,0,11,0,0,0,5.5,Right-arm Medium-fast
5,Australia,India,2,Adam Zampa,8,0,53,0,0,0,6.6,Right-arm Leg Spin
6,New Zealand,Netherlands,2,Trent Boult,8,0,34,0,0,2,4.2,Left-arm Seamer
6,New Zealand,Netherlands,2,Matt Henry,8.3,0,40,3,0,0,4.7,Right-arm Fast Medium
6,New Zealand,Netherlands,2,Mitchell Santner,10,0,59,5,0,0,5.9,Left-arm Orthodox Spin
6,New Zealand,Netherlands,2,Lockie Ferguson,8,0,32,0,0,0,4,Right-arm Fast
6,New Zealand,Netherlands,2,Rachin Ravindra,10,0,46,1,1,0,4.6,Left-arm Orthodox Spin
6,New Zealand,Netherlands,2,Glenn Phillips,2,0,11,0,0,0,5.5,Leg Spin
7,England,Bangladesh,2,Chris Woakes,8,0,49,2,0,0,6.1,Right-arm Fast Medium
7,England,Bangladesh,2,Reece Topley,10,1,43,4,0,0,4.3,Left-arm Medium-fast
7,England,Bangladesh,2,Sam Curran,7.2,0,47,1,0,2,6.4,Left-arm Medium-fast
7,England,Bangladesh,2,Mark Wood,10,0,29,1,0,1,2.9,Right-arm Fast
7,England,Bangladesh,2,Adil Rashid,10,0,42,1,0,0,4.2,Leg Break
7,England,Bangladesh,2,Liam Livingstone,3,0,13,1,0,0,4.3,Right-arm Leg Spin
8,Sri Lanka,Pakistan,2,Maheesh Theekshana,10,0,59,1,0,5,5.9,Right-arm Leg Spin
8,Sri Lanka,Pakistan,2,Dilshan Madushanka,9.2,0,60,2,1,2,6.4,Right-arm Fast
8,Sri Lanka,Pakistan,2,Dasun Shanaka,5,0,28,0,0,0,5.6,Right-arm Leg Spin
8,Sri Lanka,Pakistan,2,Matheesha Pathirana,9,0,90,1,0,18,10,Right-arm Fast
8,Sri Lanka,Pakistan,2,Dunith Wellalage,10,0,62,0,0,0,6.2,Right-arm Leg Spin
8,Sri Lanka,Pakistan,2,Dhananjaya de Silva,4,0,36,0,0,0,9,Right-arm Off Spin
8,Sri Lanka,Pakistan,2,Charith Asalanka,1,0,10,0,0,0,10,Right-arm Leg Spin
9,Afghanistan,India,2,Fazalhaq Farooqi,6,0,50,0,0,1,8.3,Right-arm Fast
9,Afghanistan,India,2,Mujeeb Ur Rahman,8,0,64,0,0,7,8,Off Spin
9,Afghanistan,India,2,Naveen-ul-Haq,5,0,31,0,0,0,6.2,Right-arm Fast
9,Afghanistan,India,2,Azmatullah Omarzai,4,0,34,0,0,1,8.5,Right-arm Fast
9,Afghanistan,India,2,Mohammad Nabi,4,0,32,0,0,0,8,Off Spin
9,Afghanistan,India,2,Rashid Khan,8,0,57,2,0,1,7.1,Leg Spin
10,South Africa,Australia,2,Lungi Ngidi,8,2,18,1,0,1,2.2,Right-arm Fast
10,South Africa,Australia,2,Marco Jansen,7,0,54,2,1,7,7.7,Left-arm Fast
10,South Africa,Australia,2,Kagiso Rabada,8,1,33,3,1,1,4.1,Right-arm Fast
10,South Africa,Australia,2,Keshav Maharaj,10,0,30,2,0,2,3,Left-arm Orthodox Spin
10,South Africa,Australia,2,Tabraiz Shamsi,7.5,0,38,2,0,0,4.9,Leg Break
11,Bangladesh,New Zealand,2,Mustafizur Rahman,8,0,36,1,0,3,4.5,Left-arm Fast
11,Bangladesh,New Zealand,2,Shoriful Islam,7.5,1,43,0,0,3,5.5,Left-arm Fast
11,Bangladesh,New Zealand,2,Taskin Ahmed,8,0,56,0,0,3,7,Right-arm Fast
11,Bangladesh,New Zealand,2,Shakib Al Hasan,10,0,54,1,0,0,5.4,Left-arm Orthodox Spin
11,Bangladesh,New Zealand,2,Mehidy Hasan Miraz,9,0,58,0,0,1,6.4,Right-arm Off Spin
12,Pakistan,India,2,Shaheen Afridi,6,0,36,2,0,1,6,Left-arm Fast
12,Pakistan,India,2,Hasan Ali,6,0,34,1,0,0,5.7,Right-arm Fast
12,Pakistan,India,2,Mohammad Nawaz,8.3,0,47,0,0,0,5.5,Left-arm Orthodox Spin
12,Pakistan,India,2,Haris Rauf,6,0,43,0,0,0,7.2,Right-arm Fast
12,Pakistan,India,2,Shadab Khan,4,0,31,0,0,0,7.8,Right-arm Leg Spin
13,Afghanistan,England,2,Mujeeb Ur Rahman,10,1,51,3,0,5,5.1,Off Spin
13,Afghanistan,England,2,Fazalhaq Farooqi,7,0,50,1,0,2,7.1,Right-arm Fast
13,Afghanistan,England,2,Naveen-ul-Haq,6,1,44,1,1,0,7.3,Right-arm Fast
13,Afghanistan,England,2,Mohammad Nabi,6,0,16,2,0,1,2.7,Off Spin
13,Afghanistan,England,2,Rashid Khan,9.3,1,37,3,0,0,3.9,Leg Spin
13,Afghanistan,England,2,Azmatullah Omarzai,2,0,13,0,0,0,6.5,Right-arm Fast
14,Sri Lanka,Australia,2,Lahiru Kumara,4,0,47,0,0,0,11.8,Right-arm Fast
14,Sri Lanka,Australia,2,Dilshan Madushanka,9,2,38,3,0,1,4.2,Right-arm Fast
14,Sri Lanka,Australia,2,Maheesh Theekshana,7,0,49,0,0,0,7,Right-arm Leg Spin
14,Sri Lanka,Australia,2,Dunith Wellalage,9.2,0,53,1,0,0,5.7,Right-arm Leg Spin
14,Sri Lanka,Australia,2,Chamika Karunaratne,3,0,15,0,0,2,5,Right-arm Medium-fast
14,Sri Lanka,Australia,2,Dhananjaya de Silva,3,0,13,0,0,0,4.3,Right-arm Off Spin
15,Netherlands,South Africa,2,Aryan Dutt,5,1,19,0,0,0,3.8,Right-arm Medium-fast
15,Netherlands,South Africa,2,Logan van Beek,8.5,0,60,3,1,1,6.8,Right-arm Medium-fast
15,Netherlands,South Africa,2,Colin Ackermann,3,0,16,1,0,0,5.3,Right-arm Off Spin
15,Netherlands,South Africa,2,Paul van Meekeren,9,0,40,2,0,0,4.4,Right-arm Medium-fast
15,Netherlands,South Africa,2,Roelof van der Merwe,9,0,34,2,0,0,3.8,Left-arm Orthodox Spin
15,Netherlands,South Africa,2,Bas de Leede,8,0,36,2,0,4,4.5,Right-arm Medium-fast
16,New Zealand,Afghanistan,2,Trent Boult,7,1,18,2,0,2,2.6,Left-arm Seamer
16,New Zealand,Afghanistan,2,Matt Henry,5,2,16,1,0,0,3.2,Right-arm Fast Medium
16,New Zealand,Afghanistan,2,Mitchell Santner,7.4,0,39,3,0,1,5.1,Left-arm Orthodox Spin
16,New Zealand,Afghanistan,2,Lockie Ferguson,7,1,19,3,0,1,2.7,Right-arm Fast
16,New Zealand,Afghanistan,2,Glenn Phillips,3,0,13,0,0,1,4.3,Leg Spin
16,New Zealand,Afghanistan,2,Rachin Ravindra,5,0,34,1,0,0,6.8,Left-arm Orthodox Spin
17,Bangladesh,India,2,Shoriful Islam,8,0,54,0,0,0,6.8,Left-arm Fast
17,Bangladesh,India,2,Mustafizur Rahman,5,0,29,0,0,0,5.8,Left-arm Fast
17,Bangladesh,India,2,Nasum Ahmed,9.3,0,60,0,0,0,6.3,Left-arm Orthodox Spin
17,Bangladesh,India,2,Hasan Mahmud,8,0,65,1,2,1,8.1,Right-arm Fast
17,Bangladesh,India,2,Mehidy Hasan Miraz,10,0,47,2,0,1,4.7,Right-arm Off Spin
17,Bangladesh,India,2,Mahmudullah,1,0,6,0,0,0,6,Right-arm Off Spin
18,Australia,Pakistan,2,Mitchell Starc,8,0,65,1,0,6,8.1,Left-arm Fast
18,Australia,Pakistan,2,Josh Hazlewood,10,1,37,1,0,1,3.7,Right-arm Fast Medium
18,Australia,Pakistan,2,Pat Cummins,7.3,0,62,2,0,0,8.3,Right-arm Fast
18,Australia,Pakistan,2,Adam Zampa,10,0,53,4,0,1,5.3,Right-arm Leg Spin
18,Australia,Pakistan,2,Glenn Maxwell,5,0,40,0,0,0,8,Right-arm Off Spin
18,Australia,Pakistan,2,Marcus Stoinis,5,0,40,2,0,3,8,Right-arm Medium-fast
19,Netherlands,Sri Lanka,2,Aryan Dutt,10,0,44,3,0,2,4.4,Right-arm Medium-fast
19,Netherlands,Sri Lanka,2,Logan van Beek,10,0,57,0,0,0,5.7,Right-arm Medium-fast
19,Netherlands,Sri Lanka,2,Paul van Meekeren,8,1,39,1,0,6,4.9,Right-arm Medium-fast
19,Netherlands,Sri Lanka,2,Bas de Leede,3,0,29,0,0,2,9.7,Right-arm Medium-fast
19,Netherlands,Sri Lanka,2,Roelof van der Merwe,9,0,42,0,0,1,4.7,Left-arm Orthodox Spin
19,Netherlands,Sri Lanka,2,Colin Ackermann,8.2,0,39,1,0,0,4.7,Right-arm Off Spin
20,South Africa,England,2,Lungi Ngidi,5,1,26,2,0,3,5.2,Right-arm Fast
20,South Africa,England,2,Marco Jansen,5,0,35,2,0,1,7,Left-arm Fast
20,South Africa,England,2,Kagiso Rabada,6,1,38,1,1,0,6.3,Right-arm Fast
20,South Africa,England,2,Gerald Coetzee,4,0,35,3,0,1,8.8,Right-arm Fast
20,South Africa,England,2,Keshav Maharaj,2,0,27,1,0,0,13.5,Left-arm Orthodox Spin
21,New Zealand,India,2,Trent Boult,10,0,60,1,0,1,6,Left-arm Seamer
21,New Zealand,India,2,Matt Henry,9,0,55,1,0,0,6.1,Right-arm Fast Medium
21,New Zealand,India,2,Mitchell Santner,10,0,37,1,0,0,3.7,Left-arm Orthodox Spin
21,New Zealand,India,2,Lockie Ferguson,8,0,63,2,0,2,7.9,Right-arm Fast
21,New Zealand,India,2,Rachin Ravindra,9,0,46,0,0,1,5.1,Left-arm Orthodox Spin
21,New Zealand,India,2,Glenn Phillips,2,0,12,0,0,0,6,Leg Spin
22,Pakistan,Afghanistan,2,Shaheen Afridi,10,0,58,1,0,2,5.8,Left-arm Fast
22,Pakistan,Afghanistan,2,Hasan Ali,10,1,44,1,0,1,4.4,Right-arm Fast
22,Pakistan,Afghanistan,2,Haris Rauf,8,1,53,0,0,3,6.6,Right-arm Fast
22,Pakistan,Afghanistan,2,Usama Mir,8,0,55,0,1,2,6.9,Right-arm Leg Spin
22,Pakistan,Afghanistan,2,Shadab Khan,8,0,49,0,0,0,6.1,Right-arm Leg Spin
22,Pakistan,Afghanistan,2,Iftikhar Ahmed,5,0,27,0,0,0,5.4,Right-arm Off Spin
23,South Africa,Bangladesh,2,Marco Jansen,8,0,39,2,0,5,4.9,Left-arm Fast
23,South Africa,Bangladesh,2,Lizaad Williams,8.4,1,56,2,0,6,6.5,Right-arm Fast
23,South Africa,Bangladesh,2,Gerald Coetzee,10,0,62,3,1,1,6.2,Right-arm Fast
23,South Africa,Bangladesh,2,Kagiso Rabada,10,1,42,2,1,0,4.2,Right-arm Fast
23,South Africa,Bangladesh,2,Keshav Maharaj,10,0,32,1,0,1,3.2,Left-arm Orthodox Spin
24,Australia,Netherlands,2,Mitchell Starc,4,0,22,1,0,2,5.5,Left-arm Fast
24,Australia,Netherlands,2,Josh Hazlewood,6,0,27,1,0,2,4.5,Right-arm Fast Medium
24,Australia,Netherlands,2,Pat Cummins,4,0,14,1,0,0,3.5,Right-arm Fast
24,Australia,Netherlands,2,Mitchell Marsh,4,0,19,2,0,3,4.8,Right-arm Medium-fast
24,Australia,Netherlands,2,Adam Zampa,3,0,8,4,0,0,2.7,Right-arm Leg Spin
25,England,Sri Lanka,2,Chris Woakes,6,0,30,0,0,2,5,Right-arm Fast Medium
25,England,Sri Lanka,2,David Willey,5,0,30,2,0,1,6,Left-arm Medium-fast
25,England,Sri Lanka,2,Adil Rashid,4.4,0,39,0,0,0,8.4,Leg Break
25,England,Sri Lanka,2,Mark Wood,4,0,23,0,0,0,5.8,Right-arm Fast
25,England,Sri Lanka,2,Liam Livingstone,3,0,17,0,0,0,5.7,Right-arm Leg Spin
25,England,Sri Lanka,2,Moeen Ali,3,0,21,0,0,0,7,Right-arm Off Spin
26,Pakistan,South Africa,2,Iftikhar Ahmed,3,0,23,0,0,5,7.7,Right-arm Off Spin
26,Pakistan,South Africa,2,Shaheen Afridi,10,0,45,3,0,3,4.5,Left-arm Fast
26,Pakistan,South Africa,2,Mohammad Nawaz,6.2,0,40,0,0,0,6.3,Left-arm Orthodox Spin
26,Pakistan,South Africa,2,Haris Rauf,10,0,62,2,0,2,6.2,Right-arm Fast
26,Pakistan,South Africa,2,Mohammad Wasim Jr,10,1,50,2,0,4,5,Right-arm Fast
26,Pakistan,South Africa,2,Usama Mir,8,0,45,2,0,1,5.6,Right-arm Leg Spin
27,Australia,New Zealand,2,Mitchell Starc,9,0,89,0,0,17,9.9,Left-arm Fast
27,Australia,New Zealand,2,Josh Hazlewood,9,0,70,2,0,1,7.8,Right-arm Fast Medium
27,Australia,New Zealand,2,Pat Cummins,10,0,66,2,0,3,6.6,Right-arm Fast
27,Australia,New Zealand,2,Glenn Maxwell,10,0,62,1,0,0,6.2,Right-arm Off Spin
27,Australia,New Zealand,2,Adam Zampa,10,0,74,3,0,0,7.4,Right-arm Leg Spin
27,Australia,New Zealand,2,Mitchell Marsh,2,0,18,0,0,1,9,Right-arm Medium-fast
28,Netherlands,Bangladesh,2,Aryan Dutt,10,3,26,1,0,0,2.6,Right-arm Medium-fast
28,Netherlands,Bangladesh,2,Logan van Beek,9,1,30,1,0,4,3.3,Right-arm Medium-fast
28,Netherlands,Bangladesh,2,Colin Ackermann,7,1,25,1,0,0,3.6,Right-arm Off Spin
28,Netherlands,Bangladesh,2,Paul van Meekeren,7.2,0,23,4,0,2,3.1,Right-arm Medium-fast
28,Netherlands,Bangladesh,2,Bas de Leede,7,0,25,2,0,0,3.6,Right-arm Medium-fast
28,Netherlands,Bangladesh,2,Shariz Ahmad,2,0,13,0,0,0,6.5,Left-arm Orthodox Spin
29,India,England,2,Jasprit Bumrah,6.5,1,32,3,0,2,4.7,Right-arm Fast
29,India,England,2,Mohammed Siraj,6,0,33,0,0,2,5.5,Right-arm Fast
29,India,England,2,Mohammed Shami,7,2,22,4,0,2,3.1,Right-arm Fast
29,India,England,2,Kuldeep Yadav,8,0,24,2,0,0,3,Left-arm Chinaman
29,India,England,2,Ravindra Jadeja,7,1,16,1,0,0,2.3,Left-arm Orthodox Spin
30,Sri Lanka,Afghanistan,2,Dilshan Madushanka,9,0,48,2,0,3,5.3,Right-arm Fast
30,Sri Lanka,Afghanistan,2,Kasun Rajitha,10,0,48,1,0,2,4.8,Right-arm Fast
30,Sri Lanka,Afghanistan,2,Angelo Mathews,3,0,18,0,0,0,6,Right-arm Fast Medium
30,Sri Lanka,Afghanistan,2,Dushmantha Chameera,9.2,0,51,0,0,0,5.5,Right-arm Fast
30,Sri Lanka,Afghanistan,2,Maheesh Theekshana,10,0,55,0,0,4,5.5,Right-arm Leg Spin
30,Sri Lanka,Afghanistan,2,Dhananjaya de Silva,4,0,21,0,0,0,5.2,Right-arm Off Spin
31,Bangladesh,Pakistan,2,Taskin Ahmed,6,1,36,0,0,0,6,Right-arm Fast
31,Bangladesh,Pakistan,2,Shoriful Islam,4,1,25,0,0,1,6.2,Left-arm Fast
31,Bangladesh,Pakistan,2,Mehidy Hasan Miraz,9,0,60,3,0,0,6.7,Right-arm Off Spin
31,Bangladesh,Pakistan,2,Mustafizur Rahman,7,0,47,0,0,1,6.7,Left-arm Fast
31,Bangladesh,Pakistan,2,Shakib Al Hasan,5.3,0,30,0,0,0,5.5,Left-arm Orthodox Spin
31,Bangladesh,Pakistan,2,Najmul Hossain Shanto,1,0,5,0,0,0,5,Right-arm Off Spin
32,South Africa,New Zealand,2,Marco Jansen,8,1,31,3,1,1,3.9,Left-arm Fast
32,South Africa,New Zealand,2,Lungi Ngidi,6,1,28,0,0,0,4.7,Right-arm Fast
32,South Africa,New Zealand,2,Kagiso Rabada,6,2,16,1,0,0,2.7,Right-arm Fast
32,South Africa,New Zealand,2,Gerald Coetzee,6.3,0,41,2,0,5,6.3,Right-arm Fast
32,South Africa,New Zealand,2,Keshav Maharaj,9,0,46,4,0,0,5.1,Left-arm Orthodox Spin
33,India,Sri Lanka,2,Jasprit Bumrah,5,1,8,1,0,3,1.6,Right-arm Fast
33,India,Sri Lanka,2,Mohammed Siraj,7,2,16,3,0,1,2.3,Right-arm Fast
33,India,Sri Lanka,2,Mohammed Shami,5,1,18,5,0,0,3.6,Right-arm Fast
33,India,Sri Lanka,2,Kuldeep Yadav,2,0,3,0,0,0,1.5,Left-arm Chinaman
33,India,Sri Lanka,2,Ravindra Jadeja,0.4,0,4,1,0,0,6,Left-arm Orthodox Spin
34,Netherlands,Afghanistan,2,Aryan Dutt,8.3,0,49,0,0,3,5.8,Right-arm Medium-fast
34,Netherlands,Afghanistan,2,Logan van Beek,7,0,30,1,0,2,4.3,Right-arm Medium-fast
34,Netherlands,Afghanistan,2,Paul van Meekeren,5,0,35,0,1,1,7,Right-arm Medium-fast
34,Netherlands,Afghanistan,2,Roelof van der Merwe,5,0,27,1,0,0,5.4,Left-arm Orthodox Spin
34,Netherlands,Afghanistan,2,Saqib Zulfiqar,3,0,25,1,1,0,8.3,Left-arm Orthodox Spin
34,Netherlands,Afghanistan,2,Colin Ackermann,3,0,12,0,0,1,4,Right-arm Off Spin
35,New Zealand,Pakistan,2,Trent Boult,6,0,50,0,0,2,8.3,Left-arm Seamer
35,New Zealand,Pakistan,2,Tim Southee,5,0,27,1,0,0,5.4,Right-arm Fast Medium
35,New Zealand,Pakistan,2,Mitchell Santner,5,0,35,0,0,0,7,Left-arm Orthodox Spin
35,New Zealand,Pakistan,2,Glenn Phillips,5,1,42,0,0,0,8.4,Leg Spin
35,New Zealand,Pakistan,2,Ish Sodhi,4,0,44,0,0,1,11,Leg Spin
35,New Zealand,Pakistan,2,Daryl Mitchell,0.3,0,1,0,0,0,2,Right-arm Medium-fast
36,Australia,England,2,Mitchell Starc,10,0,66,2,0,4,6.6,Left-arm Fast
36,Australia,England,2,Josh Hazlewood,9.1,1,49,2,0,2,5.3,Right-arm Fast Medium
36,Australia,England,2,Pat Cummins,10,1,49,2,0,0,4.9,Right-arm Fast
36,Australia,England,2,Adam Zampa,10,0,21,3,0,2,2.1,Right-arm Leg Spin
36,Australia,England,2,Travis Head,5,0,28,0,0,0,5.6,Right-arm Leg Spin
36,Australia,England,2,Marcus Stoinis,4,0,34,1,0,0,8.5,Right-arm Medium-fast
37,India,South Africa,2,Jasprit Bumrah,5,0,14,0,0,1,2.8,Right-arm Fast
37,India,South Africa,2,Mohammed Siraj,4,1,11,1,0,0,2.8,Right-arm Fast
37,India,South Africa,2,Ravindra Jadeja,9,1,33,5,0,0,3.7,Left-arm Orthodox Spin
37,India,South Africa,2,Mohammed Shami,4,0,18,2,0,1,4.5,Right-arm Fast
37,India,South Africa,2,Kuldeep Yadav,5.1,1,7,2,0,0,1.4,Left-arm Chinaman
38,Sri Lanka,Bangladesh,2,Dilshan Madushanka,10,1,69,3,0,4,6.9,Right-arm Fast
38,Sri Lanka,Bangladesh,2,Maheesh Theekshana,9,0,44,2,0,3,4.9,Right-arm Leg Spin
38,Sri Lanka,Bangladesh,2,Kasun Rajitha,4,0,47,0,0,0,11.8,Right-arm Fast
38,Sri Lanka,Bangladesh,2,Dushmantha Chameera,8,0,54,0,0,2,6.8,Right-arm Fast
38,Sri Lanka,Bangladesh,2,Angelo Mathews,7.1,1,35,2,0,1,4.9,Right-arm Fast Medium
38,Sri Lanka,Bangladesh,2,Dhananjaya de Silva,3,0,20,0,0,0,6.7,Right-arm Off Spin
39,Afghanistan,Australia,2,Mujeeb Ur Rahman,8.5,1,72,0,0,0,8.2,Off Spin
39,Afghanistan,Australia,2,Naveen-ul-Haq,9,0,47,2,0,1,5.2,Right-arm Fast
39,Afghanistan,Australia,2,Azmatullah Omarzai,7,1,52,2,0,1,7.4,Right-arm Fast
39,Afghanistan,Australia,2,Rashid Khan,10,0,44,2,0,3,4.4,Leg Spin
39,Afghanistan,Australia,2,Noor Ahmad,10,1,53,0,0,5,5.3,Leg Spin
39,Afghanistan,Australia,2,Mohammad Nabi,2,0,20,0,0,0,10,Off Spin
40,England,Netherlands,2,Chris Woakes,7,0,19,1,0,2,2.7,Right-arm Fast Medium
40,England,Netherlands,2,David Willey,7,2,19,2,0,0,2.7,Left-arm Medium-fast
40,England,Netherlands,2,Gus Atkinson,7,0,41,0,0,1,5.9,Right-arm Fast
40,England,Netherlands,2,Moeen Ali,8.2,0,42,3,0,0,5,Right-arm Off Spin
40,England,Netherlands,2,Adil Rashid,8,0,54,3,0,1,6.8,Leg Break
41,Sri Lanka,New Zealand,2,Dilshan Madushanka,6.2,0,58,0,0,1,9.2,Right-arm Fast
41,Sri Lanka,New Zealand,2,Maheesh Theekshana,7,0,43,1,0,0,6.1,Right-arm Leg Spin
41,Sri Lanka,New Zealand,2,Dhananjaya de Silva,2,0,22,0,0,0,11,Right-arm Off Spin
41,Sri Lanka,New Zealand,2,Dushmantha Chameera,4,1,20,1,0,0,5,Right-arm Fast
41,Sri Lanka,New Zealand,2,Angelo Mathews,4,0,29,2,0,1,7.2,Right-arm Fast Medium
42,Afghanistan,South Africa,2,Mujeeb Ur Rahman,10,0,51,1,0,1,5.1,Off Spin
42,Afghanistan,South Africa,2,Naveen-ul-Haq,6.3,0,52,0,0,1,8,Right-arm Fast
42,Afghanistan,South Africa,2,Mohammad Nabi,10,1,35,2,0,0,3.5,Off Spin
42,Afghanistan,South Africa,2,Azmatullah Omarzai,1,0,8,0,0,0,8,Right-arm Fast
42,Afghanistan,South Africa,2,Rashid Khan,10,1,37,2,0,1,3.7,Leg Spin
42,Afghanistan,South Africa,2,Noor Ahmad,9,0,49,0,0,3,5.4,Leg Spin
42,Afghanistan,South Africa,2,Rahmat Shah,1,0,12,0,0,0,12,Off Spin
43,Bangladesh,Australia,2,Taskin Ahmed,10,0,61,1,0,1,6.1,Right-arm Fast
43,Bangladesh,Australia,2,Mahedi Hasan,9,0,38,0,0,1,4.2,Right-arm Leg Spin
43,Bangladesh,Australia,2,Nasum Ahmed,10,0,85,0,0,1,8.5,Left-arm Orthodox Spin
43,Bangladesh,Australia,2,Mehidy Hasan Miraz,6,0,47,0,0,0,7.8,Right-arm Off Spin
43,Bangladesh,Australia,2,Mustafizur Rahman,9.4,1,76,1,0,1,7.9,Left-arm Fast
44,England,Pakistan,2,David Willey,10,0,56,3,0,2,5.6,Left-arm Medium-fast
44,England,Pakistan,2,Chris Woakes,5.3,0,27,1,0,0,4.9,Right-arm Fast Medium
44,England,Pakistan,2,Adil Rashid,10,0,55,2,0,1,5.5,Leg Break
44,England,Pakistan,2,Gus Atkinson,8,0,45,2,0,2,5.6,Right-arm Fast
44,England,Pakistan,2,Moeen Ali,10,0,60,2,0,0,6,Right-arm Off Spin
45,India,Netherlands,2,Jasprit Bumrah,9,1,33,2,0,1,3.7,Right-arm Fast
45,India,Netherlands,2,Mohammed Siraj,6,1,29,2,0,1,4.8,Right-arm Fast
45,India,Netherlands,2,Mohammed Shami,6,0,41,0,0,1,6.8,Right-arm Fast
45,India,Netherlands,2,Kuldeep Yadav,10,1,41,2,0,0,4.1,Left-arm Chinaman
45,India,Netherlands,2,Ravindra Jadeja,9,0,49,2,0,1,5.4,Left-arm Orthodox Spin
45,India,Netherlands,2,Virat Kohli,3,0,13,1,0,0,4.3,Right-arm Medium
45,India,Netherlands,2,Shubman Gill,2,0,11,0,0,0,5.5,Right-arm Leg Spin
45,India,Netherlands,2,Suryakumar Yadav,2,0,17,0,0,0,8.5,Right-arm Leg Spin
45,India,Netherlands,2,Rohit Sharma,0.5,0,7,1,0,0,8.4,Right-arm Off Spin
46,India,New Zealand,2,Jasprit Bumrah,10,1,64,1,0,10,6.4,Right-arm Fast
46,India,New Zealand,2,Mohammed Siraj,9,0,78,1,0,3,8.7,Right-arm Fast
46,India,New Zealand,2,Mohammed Shami,9.5,0,57,7,0,6,5.8,Right-arm Fast
46,India,New Zealand,2,Ravindra Jadeja,10,0,63,0,1,0,6.3,Left-arm Orthodox Spin
46,India,New Zealand,2,Kuldeep Yadav,10,0,56,1,0,0,5.6,Left-arm Chinaman
47,South Africa,Australia,2,Marco Jansen,4.2,0,35,0,0,4,8.1,Left-arm Fast
47,South Africa,Australia,2,Kagiso Rabada,6,0,41,1,1,1,6.8,Right-arm Fast
47,South Africa,Australia,2,Aiden Markram,8,1,23,1,0,1,2.9,Right-arm Leg Spin
47,South Africa,Australia,2,Gerald Coetzee,9,0,47,2,1,1,5.2,Right-arm Fast
47,South Africa,Australia,2,Tabraiz Shamsi,10,0,42,2,0,5,4.2,Leg Break
47,South Africa,Australia,2,Keshav Maharaj,10,0,24,1,0,0,2.4,Left-arm Orthodox Spin
48,India,Australia,2,Jasprit Bumrah,9,2,43,2,0,0,4.8,Right-arm Fast
48,India,Australia,2,Mohammed Shami,7,1,47,1,0,9,6.7,Right-arm Fast
48,India,Australia,2,Ravindra Jadeja,10,0,43,0,0,2,4.3,Left-arm Orthodox Spin
48,India,Australia,2,Kuldeep Yadav,10,0,56,0,0,0,5.6,Left-arm Chinaman
48,India,Australia,2,Mohammed Siraj,7,0,45,1,0,0,6.4,Right-arm Fast
